index A,index B,index C,index D
0.699648318812067,1.3403670860659012,0.48080487796280735,6.797746834239932
0.233216106270689,0.4467890286886338,0.16026829265426906,2.2659156114133103
0.07773870209022968,0.1489296762295446,0.05342276421808969,0.7553052038044372
0.03682359572695091,0.07054563610873164,0.02530551989277933,0.35777614917052275
0.021201464206426286,0.04061718442623944,0.01456984478675173,0.205992328310301
0.013718594486511122,0.026281707569919634,0.009427546626721706,0.13328915361254767
