index A,index B,index C,index D
0.5008354783058167,0.7924806475639343,0.2678413689136505,4.512876987457275
0.4207511246204376,0.33545783162117004,0.14416015148162842,1.4769829511642456
0.18654344975948334,0.25796759128570557,0.04353461042046547,0.5425993204116821
0.09733446687459946,0.11493216454982758,0.0225664172321558,0.2545006573200226
0.22603987157344818,0.0642952099442482,0.020293084904551506,0.15681153535842896
0.12259617447853088,0.04438110813498497,0.012653536163270473,0.09862887114286423
