index A,index B,index C,index D
0.002039750654056576,0.006372290785888221,0.0016010911231403775,0.013272879201056615
0.002398672144336372,0.0048804114147616585,0.0017687406133305504,0.013476323295439727
0.002810328118670909,0.00429578011521126,0.0019388865692854989,0.016430375346483474
0.0024808804541348773,0.004162675868602878,0.0017894278362270816,0.01647098270074444
0.002582548021092818,0.0038981173037887064,0.0016662930867720306,0.01628735948555897
0.002115928147883428,0.0035188334410728873,0.0014916659063610935,0.01524701588104606
